accountId,customerName,accountType,status,balance,dailyLimit,currency,openedDate
ACC1001,Amelia Bouchard,CHEQUING,ACTIVE,16274.13,1500,CAD,2023-04-26
ACC1002,Liam Roy,CHEQUING,ACTIVE,6726.38,2000,CAD,2023-04-05
ACC1003,Noah Kim,CHEQUING,ACTIVE,17176.13,5000,CAD,2015-12-23
ACC1004,Olivia Patel,SAVINGS,ACTIVE,11010.51,1000,CAD,2016-01-19
ACC1005,Priya Smith,CHEQUING,ACTIVE,120.50,2000,CAD,2015-04-19
ACC1006,Wei Martin,CHEQUING,ACTIVE,5611.87,5000,CAD,2019-09-15
ACC1007,Fatima Tremblay,CHEQUING,ACTIVE,11670.86,2500,CAD,2024-01-29
ACC1008,Lucas Côté,SAVINGS,ACTIVE,9000.00,1500,CAD,2022-10-30
ACC1009,Chloe Khan,CHEQUING,ACTIVE,9034.06,2000,CAD,2017-05-31
ACC1010,Mateo MacDonald,CHEQUING,ACTIVE,3273.49,3000,CAD,2016-02-01
ACC1011,Aisha Nguyen,CHEQUING,ACTIVE,21309.36,5000,CAD,2017-12-19
ACC1012,Ethan Lee,SAVINGS,ACTIVE,640.00,3000,CAD,2025-05-05
ACC1013,Sofia Fortin,CHEQUING,ACTIVE,18000.00,15000,CAD,2024-04-20
ACC1014,Arjun Patel,CHEQUING,ACTIVE,22227.93,2500,CAD,2021-06-22
ACC1015,Hannah Martin,CHEQUING,ACTIVE,17850.64,1500,CAD,2022-06-01
ACC1016,Jacob Martin,SAVINGS,ACTIVE,19508.25,1000,CAD,2024-08-04
ACC1017,Mei Brown,CHEQUING,ACTIVE,4200.00,2500,CAD,2018-02-12
ACC1018,Omar MacDonald,CHEQUING,ACTIVE,16183.56,2500,CAD,2016-10-28
ACC1019,Zoe Singh,CHEQUING,ACTIVE,9397.55,2500,CAD,2022-11-14
ACC1020,Daniel Martin,SAVINGS,ACTIVE,60000.00,25000,CAD,2020-12-27
ACC1021,Grace Smith,CHEQUING,ACTIVE,300.00,1000,CAD,2018-01-10
ACC1022,Ravi Nguyen,CHEQUING,ACTIVE,6114.69,2500,CAD,2024-06-14
ACC1023,Isla Khan,CHEQUING,ACTIVE,6342.96,1500,CAD,2024-01-11
ACC1024,Kenji Kim,SAVINGS,ACTIVE,15000.00,15000,CAD,2017-05-14
ACC1025,Leah Ahmed,CHEQUING,ACTIVE,22008.10,2500,CAD,2017-05-20
ACC1026,Marcus Bouchard,CHEQUING,ACTIVE,500.00,2000,CAD,2016-08-08
ACC1027,Nadia Bouchard,CHEQUING,ACTIVE,4179.05,5000,CAD,2021-01-16
ACC1028,Owen Kim,SAVINGS,ACTIVE,22000.00,20000,CAD,2025-01-25
ACC1029,Rosa Lavoie,CHEQUING,ACTIVE,10465.49,2000,CAD,2016-07-20
ACC1030,Samuel Roy,CHEQUING,ACTIVE,12743.08,1500,CAD,2024-08-28
ACC1031,Tara Côté,CHEQUING,FROZEN,2500.00,2000,CAD,2023-11-19
ACC1032,Victor Fortin,SAVINGS,FROZEN,15233.10,2000,CAD,2019-04-13
ACC1033,Yara Smith,CHEQUING,CLOSED,0.00,5000,CAD,2017-10-26
ACC1034,Ben Roy,CHEQUING,CLOSED,0.00,1500,CAD,2022-08-18
ACC1035,Carmen Bouchard,CHEQUING,DORMANT,17297.39,5000,CAD,2023-06-03
ACC1036,Dev Wilson,SAVINGS,ACTIVE,19400.09,2000,CAD,2016-04-01
ACC1037,Elena Bouchard,CHEQUING,ACTIVE,11321.32,3000,CAD,2015-01-14
ACC1038,Felix Roy,CHEQUING,ACTIVE,24319.69,2000,CAD,2020-09-10
ACC1039,Gia Lavoie,CHEQUING,ACTIVE,21866.55,2500,CAD,2024-06-09
ACC1040,Hugo Chen,SAVINGS,ACTIVE,15537.08,1000,CAD,2019-03-12
